<?xml version="1.0" encoding="UTF-8" standalone="yes"?>
<addon id="repository.darealist" name="[COLOR gold]Darealist[/COLOR]" version="1.0" provider-name="blry">
    <extension point="xbmc.addon.repository" name="Example Repository">
        <dir>
            <info compressed="false">https://raw.githubusercontent.com/darealist2021/DAREALIST-REPO/master/repo/zips/addons.xml</info>
            <checksum>https://raw.githubusercontent.com/darealist2021/DAREALIST-REPO/master/repo/zips/addons.xml.md5</checksum>
            <datadir zip="true">https://raw.githubusercontent.com/darealist2021/DAREALIST-REPO/master/repo/zips/</datadir>
        </dir>
    </extension>
    <extension point="xbmc.addon.metadata">
        <summary>Darealist Kodi Repo</summary>
        <description>Repo for the Darealist Wizard</description>
        <disclaimer></disclaimer>
        <platform>all</platform>
        <assets>
            <icon>icon.png</icon>
            <fanart>fanart.jpg</fanart>
        </assets>
    </extension>
</addon>